{"metadata":{"asset_id":"ff92793c-aea4-4ec5-86fc-f8ff0f3e321d","asset_attributes":["notebook"],"name":"Notebook for Week One Graded Assignment","asset_type":"notebook","created_at":"2021-02-11T16:06:30Z","description":"","origin_country":"us","owner_id":"IBMid-550008NSE1","project_id":"1d0d30ca-4b09-4627-b940-afef11866cff","size":207,"tags":["notebook"],"usage":{"last_update_time":1613059984062,"last_updated_at":"2021-02-11T16:13:04Z"}},"entity":{"notebook":{"kernel":{"name":"python3","display_name":"Python 3.7","language":"python"},"originates_from":{"type":"blank"},"runtime":{"environment":"conda2py37-1d0d30ca-4b09-4627-b940-afef11866cff"}}},"attachments":[{"id":"ad2c7159-ec5c-4028-827f-29d94aede4a4","version":2,"asset_type":"notebook","name":"attachment for notebook ff92793c-aea4-4ec5-86fc-f8ff0f3e321d","description":"attachment for notebook ff92793c-aea4-4ec5-86fc-f8ff0f3e321d","mime":"application/json","datasource_type":"193a97c1-4475-4a19-b90c-295c4fdc6517","object_key":"notebook/Notebook_for_Week_One_Graded_Assignment_zNTTrQSKd.ipynb","creator_id":"IBMid-550008NSE1","create_time":1613059591490,"size":207,"is_remote":false,"is_managed":false,"is_referenced":true,"is_object_key_read_only":false,"is_user_provided_path_key":true,"transfer_complete":true,"is_partitioned":false,"complete_time_ticks":1613059591490,"user_data":{},"test_doc":0,"handle":{"bucket":"final4machinelearning-donotdelete-pr-2nwqknymqawe0i","location":"us-geo","key":"notebook/Notebook_for_Week_One_Graded_Assignment_zNTTrQSKd.ipynb","upload_id":"done","max_part_num":1},"usage":{"access_count":0,"last_accessor_id":"IBMid-550008NSE1","last_access_time":1613059591490}}]}
